{
  "name": "Meenakshi Srinath",
  "admissionDate": "2025-11-12",
  "typeOfCure": "Arisi thinkarthu",
  "criticality": "High",
  "medications": [
    "No Arisi. Only veka vechathu."
  ],
  "insurance": "Star Health",
  "approval": "Pending",
  "diet": "ALL HINDU FOODS - pasta Pizza allowed",
  "testStatus": "Check Iron test",
  "spo2": "98.0",
  "temp": "37.0",
  "hr": "120",
  "rr": "70",
  "notes": "No Arisi . Strict monitoring of no Arisi required!@#$$$\nNo one must be allowed to see.\nRight Leg should not be touched.\nSmagwell Treatment Scheme to be used\nBed positions in Trendelenberg always"
}
